{
  "generator-jhipster": {
    "applicationType": "monolith",
    "authenticationType": "jwt",
    "baseName": "smartWatering",
    "blueprints": [],
    "buildTool": "maven",
    "cacheProvider": "ehcache",
    "clientFramework": "vue",
    "clientPackageManager": "npm",
    "clientTheme": "none",
    "clientThemeVariant": "",
    "creationTimestamp": 1650295947683,
    "databaseType": "sql",
    "devDatabaseType": "mysql",
    "devServerPort": 9060,
    "dtoSuffix": "DTO",
    "enableGradleEnterprise": false,
    "enableHibernateCache": true,
    "enableSwaggerCodegen": true,
    "enableTranslation": false,
    "entities": [
      "ExtraUser",
      "Notification",
      "EspaceVert",
      "Zone",
      "Grandeur",
      "TypeSol",
      "Plante",
      "Plantage",
      "TypePlante",
      "Installation",
      "Boitier",
      "Connecte",
      "Capteur",
      "Arrosage"
    ],
    "entitySuffix": "",
    "jhiPrefix": "jhi",
    "jhipsterVersion": "7.8.1",
    "jwtSecretKey": "MTNhMGE0MmUwMTIyZjk2YmJkZGNjZjBkN2Y5NWM5Y2JlZjZiZWU4NmI0Y2I3YzY1YzU1N2Y3YWE0NGU3NDBmMzQ1MGQ5ODVhZjNmMjFkNzUyNzNhNjU2MjQxMDc4YzFiNDk3NTc4YzNjODYwNWQ0ZDEyMjI4NjQwODBlZmZmZGY=",
    "languages": ["en", "fr"],
    "lastLiquibaseTimestamp": 1650296535000,
    "messageBroker": false,
    "monorepository": true,
    "nativeLanguage": "fr",
    "otherModules": [],
    "packageName": "ma.emsi.smartwatering",
    "pages": [],
    "prodDatabaseType": "mysql",
    "reactive": false,
    "searchEngine": false,
    "serverPort": "8080",
    "serverSideOptions": ["enableSwaggerCodegen:true"],
    "serviceDiscoveryType": "eureka",
    "skipCheckLengthOfIdentifier": false,
    "skipCommitHook": true,
    "skipFakeData": false,
    "skipUserManagement": false,
    "testFrameworks": ["cypress"],
    "websocket": false,
    "withAdminUi": true
  }
}
