{
  "applications": "*",
  "changelogDate": "20220418154215",
  "dto": "no",
  "embedded": false,
  "entityTableName": "arrosage",
  "fields": [
    {
      "fieldName": "date",
      "fieldType": "ZonedDateTime",
      "fieldValidateRules": ["required"]
    },
    {
      "fieldName": "litresEau",
      "fieldType": "Float"
    }
  ],
  "fluentMethods": true,
  "jpaMetamodelFiltering": false,
  "name": "Arrosage",
  "pagination": "no",
  "readOnly": false,
  "relationships": [
    {
      "otherEntityName": "zone",
      "otherEntityRelationshipName": "arrosage",
      "relationshipName": "zone",
      "relationshipType": "many-to-one"
    }
  ],
  "service": "no"
}
