{
  "applications": "*",
  "changelogDate": "20220418154214",
  "dto": "no",
  "embedded": false,
  "entityTableName": "capteur",
  "fields": [
    {
      "fieldName": "ref",
      "fieldType": "String"
    },
    {
      "fieldName": "type",
      "fieldType": "String"
    },
    {
      "fieldName": "photo",
      "fieldType": "byte[]",
      "fieldTypeBlobContent": "image"
    }
  ],
  "fluentMethods": true,
  "jpaMetamodelFiltering": false,
  "name": "Capteur",
  "pagination": "no",
  "readOnly": false,
  "relationships": [],
  "service": "no"
}
