{
  "applications": "*",
  "changelogDate": "20220418154206",
  "dto": "no",
  "embedded": false,
  "entityTableName": "grandeur",
  "fields": [
    {
      "fieldName": "type",
      "fieldType": "String",
      "fieldValidateRules": ["required"]
    },
    {
      "fieldName": "valeur",
      "fieldType": "Float",
      "fieldValidateRules": ["required"]
    },
    {
      "fieldName": "unite",
      "fieldType": "String",
      "fieldValidateRules": ["required"]
    },
    {
      "fieldName": "date",
      "fieldType": "ZonedDateTime",
      "fieldValidateRules": ["required"]
    }
  ],
  "fluentMethods": true,
  "jpaMetamodelFiltering": false,
  "name": "Grandeur",
  "pagination": "no",
  "readOnly": false,
  "relationships": [
    {
      "otherEntityName": "zone",
      "otherEntityRelationshipName": "grandeur",
      "relationshipName": "zone",
      "relationshipType": "many-to-one"
    }
  ],
  "service": "no"
}
