{
  "applications": "*",
  "changelogDate": "20220418154203",
  "dto": "no",
  "embedded": false,
  "entityTableName": "notification",
  "fields": [
    {
      "fieldName": "date",
      "fieldType": "ZonedDateTime",
      "fieldValidateRules": ["required"]
    },
    {
      "fieldName": "content",
      "fieldType": "String",
      "fieldValidateRules": ["required"]
    },
    {
      "fieldName": "vu",
      "fieldType": "Boolean",
      "fieldValidateRules": ["required"]
    }
  ],
  "fluentMethods": true,
  "jpaMetamodelFiltering": false,
  "name": "Notification",
  "pagination": "no",
  "readOnly": false,
  "relationships": [
    {
      "otherEntityName": "zone",
      "otherEntityRelationshipName": "notification",
      "relationshipName": "zone",
      "relationshipType": "many-to-one"
    }
  ],
  "service": "no"
}
