{
  "applications": "*",
  "changelogDate": "20220418154208",
  "dto": "no",
  "embedded": false,
  "entityTableName": "plante",
  "fields": [
    {
      "fieldName": "libelle",
      "fieldType": "String",
      "fieldValidateRules": ["required"]
    },
    {
      "fieldName": "photo",
      "fieldType": "byte[]",
      "fieldTypeBlobContent": "image"
    },
    {
      "fieldName": "racine",
      "fieldType": "String"
    }
  ],
  "fluentMethods": true,
  "jpaMetamodelFiltering": false,
  "name": "Plante",
  "pagination": "no",
  "readOnly": false,
  "relationships": [
    {
      "otherEntityName": "typePlante",
      "otherEntityRelationshipName": "plante",
      "relationshipName": "type",
      "relationshipType": "many-to-one"
    }
  ],
  "service": "no"
}
