{
  "applications": "*",
  "changelogDate": "20220418154210",
  "dto": "no",
  "embedded": false,
  "entityTableName": "type_plante",
  "fields": [
    {
      "fieldName": "libelle",
      "fieldType": "String",
      "fieldValidateRules": ["required"]
    },
    {
      "fieldName": "humiditeMax",
      "fieldType": "Float"
    },
    {
      "fieldName": "humiditeMin",
      "fieldType": "Float",
      "fieldValidateRules": ["required"]
    },
    {
      "fieldName": "temperature",
      "fieldType": "Float"
    },
    {
      "fieldName": "luminosite",
      "fieldType": "Float"
    }
  ],
  "fluentMethods": true,
  "jpaMetamodelFiltering": false,
  "name": "TypePlante",
  "pagination": "no",
  "readOnly": false,
  "relationships": [],
  "service": "no"
}
