{
  "applications": "*",
  "changelogDate": "20220418154205",
  "dto": "no",
  "embedded": false,
  "entityTableName": "zone",
  "fields": [
    {
      "fieldName": "libelle",
      "fieldType": "String"
    },
    {
      "fieldName": "superficie",
      "fieldType": "Float"
    },
    {
      "fieldName": "photo",
      "fieldType": "byte[]",
      "fieldTypeBlobContent": "image"
    }
  ],
  "fluentMethods": true,
  "jpaMetamodelFiltering": false,
  "name": "Zone",
  "pagination": "no",
  "readOnly": false,
  "relationships": [
    {
      "otherEntityName": "notification",
      "otherEntityRelationshipName": "zone",
      "relationshipName": "notification",
      "relationshipType": "one-to-many"
    },
    {
      "otherEntityName": "grandeur",
      "otherEntityRelationshipName": "zone",
      "relationshipName": "grandeur",
      "relationshipType": "one-to-many"
    },
    {
      "otherEntityName": "plantage",
      "otherEntityRelationshipName": "zone",
      "relationshipName": "plantage",
      "relationshipType": "one-to-many"
    },
    {
      "otherEntityName": "arrosage",
      "otherEntityRelationshipName": "zone",
      "relationshipName": "arrosage",
      "relationshipType": "one-to-many"
    },
    {
      "otherEntityName": "typeSol",
      "otherEntityRelationshipName": "zone",
      "relationshipName": "typeSol",
      "relationshipType": "many-to-one"
    },
    {
      "otherEntityName": "espaceVert",
      "otherEntityRelationshipName": "zone",
      "relationshipName": "espaceVert",
      "relationshipType": "many-to-one"
    }
  ],
  "service": "no"
}
