<?xml version="1.0" encoding="utf-8"?>
<databaseChangeLog
    xmlns="http://www.liquibase.org/xml/ns/dbchangelog"
    xmlns:xsi="http://www.w3.org/2001/XMLSchema-instance"
    xsi:schemaLocation="http://www.liquibase.org/xml/ns/dbchangelog http://www.liquibase.org/xml/ns/dbchangelog/dbchangelog-4.6.xsd">

    <property name="now" value="now()" dbms="h2"/>
    <property name="now" value="now()" dbms="mysql, mariadb"/>
    <property name="floatType" value="float4" dbms="postgresql, h2"/>
    <property name="floatType" value="float" dbms="mysql, oracle, mssql, mariadb"/>
    <property name="clobType" value="clob" dbms="h2"/>
    <property name="clobType" value="clob" dbms="mysql, oracle, mssql, mariadb, postgresql"/>
    <property name="uuidType" value="varchar(36)" dbms="h2, mysql, mariadb"/>
    <property name="datetimeType" value="datetime(6)" dbms="mysql, mariadb"/>
    <property name="datetimeType" value="datetime" dbms="oracle, mssql, postgresql, h2"/>

    <include file="config/liquibase/changelog/00000000000000_initial_schema.xml" relativeToChangelogFile="false"/>
    <include file="config/liquibase/changelog/20220418154202_added_entity_ExtraUser.xml" relativeToChangelogFile="false"/>
    <include file="config/liquibase/changelog/20220418154203_added_entity_Notification.xml" relativeToChangelogFile="false"/>
    <include file="config/liquibase/changelog/20220418154204_added_entity_EspaceVert.xml" relativeToChangelogFile="false"/>
    <include file="config/liquibase/changelog/20220418154205_added_entity_Zone.xml" relativeToChangelogFile="false"/>
    <include file="config/liquibase/changelog/20220418154206_added_entity_Grandeur.xml" relativeToChangelogFile="false"/>
    <include file="config/liquibase/changelog/20220418154207_added_entity_TypeSol.xml" relativeToChangelogFile="false"/>
    <include file="config/liquibase/changelog/20220418154208_added_entity_Plante.xml" relativeToChangelogFile="false"/>
    <include file="config/liquibase/changelog/20220418154209_added_entity_Plantage.xml" relativeToChangelogFile="false"/>
    <include file="config/liquibase/changelog/20220418154210_added_entity_TypePlante.xml" relativeToChangelogFile="false"/>
    <include file="config/liquibase/changelog/20220418154211_added_entity_Installation.xml" relativeToChangelogFile="false"/>
    <include file="config/liquibase/changelog/20220418154212_added_entity_Boitier.xml" relativeToChangelogFile="false"/>
    <include file="config/liquibase/changelog/20220418154213_added_entity_Connecte.xml" relativeToChangelogFile="false"/>
    <include file="config/liquibase/changelog/20220418154214_added_entity_Capteur.xml" relativeToChangelogFile="false"/>
    <include file="config/liquibase/changelog/20220418154215_added_entity_Arrosage.xml" relativeToChangelogFile="false"/>
    <!-- jhipster-needle-liquibase-add-changelog - JHipster will add liquibase changelogs here -->
    <include file="config/liquibase/changelog/20220418154202_added_entity_constraints_ExtraUser.xml" relativeToChangelogFile="false"/>
    <include file="config/liquibase/changelog/20220418154203_added_entity_constraints_Notification.xml" relativeToChangelogFile="false"/>
    <include file="config/liquibase/changelog/20220418154204_added_entity_constraints_EspaceVert.xml" relativeToChangelogFile="false"/>
    <include file="config/liquibase/changelog/20220418154205_added_entity_constraints_Zone.xml" relativeToChangelogFile="false"/>
    <include file="config/liquibase/changelog/20220418154206_added_entity_constraints_Grandeur.xml" relativeToChangelogFile="false"/>
    <include file="config/liquibase/changelog/20220418154208_added_entity_constraints_Plante.xml" relativeToChangelogFile="false"/>
    <include file="config/liquibase/changelog/20220418154209_added_entity_constraints_Plantage.xml" relativeToChangelogFile="false"/>
    <include file="config/liquibase/changelog/20220418154211_added_entity_constraints_Installation.xml" relativeToChangelogFile="false"/>
    <include file="config/liquibase/changelog/20220418154213_added_entity_constraints_Connecte.xml" relativeToChangelogFile="false"/>
    <include file="config/liquibase/changelog/20220418154215_added_entity_constraints_Arrosage.xml" relativeToChangelogFile="false"/>
    <!-- jhipster-needle-liquibase-add-constraints-changelog - JHipster will add liquibase constraints changelogs here -->
    <!-- jhipster-needle-liquibase-add-incremental-changelog - JHipster will add incremental liquibase changelogs here -->
</databaseChangeLog>
