id;reference;type;code
1;42638;Plastic;BordersXXXXXXXXXXXXXXXXXXXXXXXXXXXXXXXXXXXXXXXXXXXXXXXXXXXXXXXXX
2;2026;recontextualize enhance Soap;RielXXXXXXXXXXXXXXXXXXXXXXXXXXXXXXXXXXXXXXXXXXXXXXXXXXXXXXXXXXXX
3;28903;Licensed b haptic;c IrakXXXXXXXXXXXXXXXXXXXXXXXXXXXXXXXXXXXXXXXXXXXXXXXXXXXXXXXXXX
4;23989;Bedfordshire whiteboard Rupiah;sticky transitionalXXXXXXXXXXXXXXXXXXXXXXXXXXXXXXXXXXXXXXXXXXXXX
5;85720;Team-oriented recontextualize Dollar;azure content MetalXXXXXXXXXXXXXXXXXXXXXXXXXXXXXXXXXXXXXXXXXXXXX
6;77230;Buckinghamshire budgetary;overriding IntelligentXXXXXXXXXXXXXXXXXXXXXXXXXXXXXXXXXXXXXXXXXX
7;68023;program Picardie firewall;depositXXXXXXXXXXXXXXXXXXXXXXXXXXXXXXXXXXXXXXXXXXXXXXXXXXXXXXXXX
8;52847;Picardie green Phased;systemsXXXXXXXXXXXXXXXXXXXXXXXXXXXXXXXXXXXXXXXXXXXXXXXXXXXXXXXXX
9;13089;deposit up;Toys contentXXXXXXXXXXXXXXXXXXXXXXXXXXXXXXXXXXXXXXXXXXXXXXXXXXXX
10;25349;Account Assistant;proactiveXXXXXXXXXXXXXXXXXXXXXXXXXXXXXXXXXXXXXXXXXXXXXXXXXXXXXXX
